cluster,cluster_persona,total_stores,total_sales,avg_sales_per_store,avg_footfall,avg_temperature,avg_income
A,High Footfall + Urban + High Income,28,19741478.61,705052.8075,288.10714285714283,30.425000000000004,8.178571428571429
B,Residential + Medium Footfall,22,15403129.950000001,700142.2704545455,285.95454545454544,30.854545454545452,5.136363636363637
C,Near Schools,18,18133308.64,1007406.0355555556,409.6666666666667,26.000000000000004,3.8333333333333335
D,Hot Climate + Low Footfall,19,7284868.419999999,383414.127368421,156.05263157894737,28.600000000000005,5.526315789473684
E,Industrial Areas,33,25697189.01,778702.6972727273,316.1818181818182,33.67575757575757,4.636363636363637
