cluster,cluster_persona,total_stores,total_sales,avg_sales_per_store,avg_footfall,avg_temperature,avg_income
A,High Footfall + Urban + High Income,28,196676543.69999996,7024162.2749999985,288.10714285714283,30.425000000000008,8.178571428571429
B,Residential + Medium Footfall,22,67401546.8,3063706.6727272724,285.95454545454544,30.854545454545452,5.136363636363637
C,Near Schools,18,57991893.2,3221771.8444444444,409.6666666666667,26.0,3.8333333333333335
D,Hot Climate + Low Footfall,19,63085547.85000001,3320291.9921052638,156.05263157894737,28.600000000000005,5.526315789473684
E,Industrial Areas,33,101702408.39999999,3081891.1636363636,316.1818181818182,33.67575757575757,4.636363636363637
