cluster_label,sales_units_sum,sales_units_mean,sales_units_std,sales_value_sum,sales_value_mean,sales_value_std
A,108191,1.5600720980533525,1.388993551089761,7284868.42,105.04496640230714,116.15383329498835
B,610720,3.0421917808219177,2.073245251481009,41100318.96,204.73384288916563,184.7749222679632
C,269139,4.0964840182648405,2.1438524333270794,18133308.64,276.00165357686456,209.67402160837455
D,294041,2.877113502935421,1.9831373306904558,19741478.61,193.165152739726,176.28400315417178
