cluster_label,store_count,footfall_mean,footfall_std,footfall_min,footfall_max,avg_temperature_mean,avg_temperature_std,avg_temperature_min,avg_temperature_max,population_density_mean,population_density_std,income_level_mean,income_level_std,income_level_min,income_level_max,school_distance_mean,school_distance_std,highway_distance_mean,highway_distance_std,cooler_capacity_mean,cooler_capacity_std,cooler_capacity_min,cooler_capacity_max
A,19,156.05263157894737,63.780416433791316,80,285,28.599999999999998,6.9562122515697355,20.3,41.5,364778.5789473684,88814.46462542999,5.526315789473684,2.5247314720278573,2,9,0.5110526315789474,0.28140312595677686,1.0747368421052632,0.7443816854055798,1149.4736842105262,300.8656711005488,621,1482
B,55,304.09090909090907,112.3356862146059,104,490,32.54727272727273,5.82935910794897,21.1,42.0,298567.32727272727,133556.17623738025,4.836363636363636,1.9791846091690681,2,9,0.8394545454545455,0.4318110791547711,2.2965454545454547,0.9599155406169049,695.290909090909,379.19240072511576,200,1374
C,18,409.6666666666667,72.24712491735245,266,486,26.0,4.96221013377756,20.2,35.6,225238.16666666666,125640.39390084235,3.8333333333333335,1.689065178277792,2,7,0.4083333333333333,0.2344518011422039,1.7077777777777776,0.9003303678327362,996.1666666666666,348.8178776449193,220,1462
D,28,288.10714285714283,104.10654773079013,115,470,30.425,6.026768988806892,20.4,40.7,217103.10714285713,130837.80819986113,8.178571428571429,0.9833266074561477,6,9,0.5985714285714286,0.24125772734835044,2.6060714285714286,0.8369359428813966,938.75,395.1256363721779,274,1496
